<?xml version="1.0" encoding="UTF-8"?>
<Configuration status="WARN" monitorInterval="30">
    <Properties>
        <Property name="LOG_PATTERN">
            %d{yyyy-MM-dd HH:mm:ss.SSS} %5p ${hostName} --- [%15.15t] %-40.40c{1.} : %m%n%ex
        </Property>
    </Properties>
    <Appenders>
        <Console name="ConsoleAppender" target="SYSTEM_OUT" follow="true">
            <PatternLayout pattern="${LOG_PATTERN}"/>
        </Console>
        
        <RollingFile name="FileAppender" fileName="logs/NotificationAppLog.log" 
             filePattern="logs/NotificationAppLog-%d{yyyy-MM-dd}-%i.log">
    <PatternLayout>
        <Pattern>${LOG_PATTERN}</Pattern>
    </PatternLayout>
    <Policies>
        <SizeBasedTriggeringPolicy size="1MB" />
    </Policies>
    <DefaultRolloverStrategy max="1"/>
</RollingFile>

    </Appenders>
    <Loggers>
        <Logger name="com.infosys.ekart.notification" level="debug" additivity="false">
            <AppenderRef ref="ConsoleAppender" />
            <AppenderRef ref="FileAppender"/>
        </Logger>

        <Root level="info">
            <AppenderRef ref="ConsoleAppender" />
            <AppenderRef ref="FileAppender"/>
        </Root>
    </Loggers>
    
</Configuration>
